[
    {
        "id": 1,
        "name": "Yogesh",
        "address": "Bangalore"
    },
    {
        "id": 2,
        "name": "Yogesh 1",
        "address": "Bangalore"
    },
    {
        "id": 3,
        "name": "Yogesh 2",
        "address": "Bangalore"
    },
    {
        "id": 4,
        "name": "Yogesh 3",
        "address": "Bangalore"
    },
    {
        "id": 5,
        "name": "Yogesh 4",
        "address": "Bangalore"
    },
    {
        "id": 6,
        "name": "Yogesh 5",
        "address": "Bangalore"
    }

]